<?xml version = "1.0" encoding = "utf-8"?>
<!DOCTYPE hibernate-mapping PUBLIC 
"-//Hibernate/Hibernate Mapping DTD//EN"
"http://www.hibernate.org/dtd/hibernate-mapping-3.0.dtd">

<hibernate-mapping>

     <class name = "com.i2i.employeemanagement.model.Address" table = "address">
       
       <id name = "id" column = "id" type = "int">
         <generator class = "increment"/>
       </id>
         
         <property name = "doorNumber" column = "door_no" type ="int" />
         <property name = "streetName" column = "street_name" type ="string"/>
         <property name = "city" column = "city" type ="string"/>
         <property name = "pincode" column = "pincode" type ="long"/>

     </class>
</hibernate-mapping>
