<?xml version = "1.0" encoding = "utf-8"?>
<!DOCTYPE hibernate-mapping PUBLIC 
"-//Hibernate/Hibernate Mapping DTD//EN"
"http://www.hibernate.org/dtd/hibernate-mapping-3.0.dtd">

<hibernate-mapping>

     <class name = "com.i2i.employeemanagement.model.Employee" table = "employee">
      
        <id name = "employeeId"  column = "employee_id" type = "int">
            <generator class = "increment"/>
        </id>
    
        <property name = "companyName" column = "company_name" type = "string"/>
        <property name = "employeeName" column = "employee_name" type = "string"/>     
        <property name = "emailId" column = "email_id" type = "string"/> 
        <property name = "designation" column = "designation" type = "string"/>  
        <property name = "qualification" column = "qualification" type = "string"/>
        <property name = "salary" column = "salary" type = "double"/>
        <property name = "accountNumber" column = "account_number" type = "string"/>
        <property name = "ifscCode" column = "ifsc_code" type = "string"/>
        
          <many-to-one name="seat" cascade="all" lazy="false" fetch ="select"
                     column="workplace_id" unique="true"/>
         
         <list name= "address" table="address" cascade = "all" lazy = "false" fetch = "select">
            <key>
                <column name="employee_id" not-null = "true"/>
            </key>
            <list-index column = "idx" base = "1"/>
         <one-to-many class = "com.i2i.employeemanagement.model.Address"></one-to-many>     
         </list>
         
         <set name = "phoneNumber" table = "phoneNumber" cascade = "all" lazy = "false" fetch = "select">
            <key>
                <column name = "employee_id" not-null = "true"/>
            </key> 
             <one-to-many class = "com.i2i.employeemanagement.model.PhoneNumber"></one-to-many>
         </set>
         
         <set name="project" table="projectassignment" cascade="merge" lazy = "false" fetch = "select" >
            <key column="employee_id"/>
            <many-to-many column="project_id" class="com.i2i.employeemanagement.model.Project" />
         </set>
	  
    </class>
    
</hibernate-mapping>	


