<?xml version="1.0" encoding="utf-8"?>
<!DOCTYPE hibernate-configuration PUBLIC
"-//Hibernate/Hibernate Configuration DTD 3.0//EN"
"http://www.hibernate.org/dtd/hibernate-configuration-3.0.dtd">

    <hibernate-configuration>

        <session-factory>
            <property name="hibernate.connection.driver_class">com.mysql.cj.jdbc.Driver</property>
            <property name="hibernate.connection.url">jdbc:mysql://localhost:3306/i2i</property>
            <property name="hibernate.connection.username">priya</property>
            <property name="hibernate.connection.password">Priya@i2i</property>
            <property name="hibernate.dialect">org.hibernate.dialect.MySQL8Dialect</property>

            <mapping resource="Employee.hbm.xml"/>
            <mapping resource="Address.hbm.xml"/>
            <mapping resource="PhoneNumber.hbm.xml"/>
            <mapping resource="SeatAllotment.hbm.xml"/> 
            <mapping resource="Project.hbm.xml"/>     

        </session-factory>

    </hibernate-configuration>

