<?xml version="1.0" encoding="utf-8"?>
<!DOCTYPE hibernate-configuration PUBLIC
"-//Hibernate/Hibernate Configuration DTD 3.0//EN"
"http://www.hibernate.org/dtd/hibernate-configuration-3.0.dtd">

    <hibernate-mapping>
      <class name = "com.i2i.employeemanagement.model.PhoneNumber" table = "phoneNumber">
        
        <id name = "id"  column = "id" type = "int">
          <generator class = "increment"/>
        </id>
       
        <property name = "phoneNumber" column = "phone_Number" type ="long" />
        <property name = "countryCode" column = "country_code" type ="string" />
        <property name = "phoneNumberType" column = "phoneNumber_type" type ="string" />
        
      </class>
    </hibernate-mapping>

        
