<?xml version="1.0" encoding="utf-8"?>
<!DOCTYPE hibernate-configuration PUBLIC
"-//Hibernate/Hibernate Configuration DTD 3.0//EN"
"http://www.hibernate.org/dtd/hibernate-configuration-3.0.dtd">

<hibernate-mapping>

  <class name = "com.i2i.employeemanagement.model.Project" table = "project">
    
    <id name = "id" column = "project_id" type = "int">
      <generator class = "assigned"/>
    </id>
    
    <property name = "name" column = "project_name" type = "string"/>
    <property name = "softwareRequirement" column = "software_description" type = "string"/>
    <property name = "description" column = "description" type = "string"/>
    <property name = "noOfMembers" column = "no_of_members" type = "int"/>
    
     <set name="employee" table="projectassignment" cascade = "merge" lazy = "false" fetch = "select">
        <key column="project_id"/>
        <many-to-many column="employee_id" class="com.i2i.employeemanagement.model.Employee"/>
     </set>
  
  </class>
  
</hibernate-mapping>
