<?xml version="1.0" encoding="utf-8"?>
<!DOCTYPE hibernate-configuration PUBLIC
"-//Hibernate/Hibernate Configuration DTD 3.0//EN"
"http://www.hibernate.org/dtd/hibernate-configuration-3.0.dtd">

    <hibernate-mapping>
      <class name = "com.i2i.employeemanagement.model.SeatAllotment" table = "workplace">
      
        <id name = "id" column = "id" type = "int" >
          <generator class = "increment"/>
        </id>
        
        <property name = "firstFloorSeatNumber" column = "first_floor_number" type ="string"/>
        <property name = "secondFloorSeatNumber" column = "second_floor_number" type ="string"/>
        <property name = "floorNumber" column = "floor_number" type ="int"/>
        
      </class>
    </hibernate-mapping>
